die Zuversicht (nur Sg.)	pouzdanje, optimizam
die Ausrichtung, -en	usmerenje, orijentacija
der Wunsch, "-e	želja
der Traum, "-e	san, snivanje
die Selbstverwirklichung, -en	samoostvarenje
die Trauer (nur Sg.)	tuga, žalost
der Mut (nur Sg.)	hrabrost
die Emotion, -en	emocija
der Optimismus (nur Sg.)	optimizam
der Pessimismus (nur Sg.)	pesimizam
die Resignation (nur Sg.)	rezignacija, predaja
die Depression, -en	depresija
der innere Kritiker (nur Sg.)	unutrašnji kritičar
die Hoffnung, -en	nada
die Selbstaufgabe (nur Sg.)	samoodustajanje
die Erwartungshaltung, -en	stav očekivanja
die Annahme, -n	pretpostavka, prihvatanje
der Schutzmechanismus, -men	zaštitni mehanizam
das Vorurteil, -e	predrasuda
der Erkennungsmechanismus, -men	mehanizam prepoznavanja
das Stereotyp, -en	stereotip
die Überzeugung, -en	uverenje, ubeđenje
der Realismus (nur Sg.)	realizam
die Erwartung, -en	očekivanje
das Risiko, Risiken	rizik
die kulturelle Erwartung, -en	kulturno očekivanje
